dataset,subject,uid,question,option_a,option_b,option_c,option_d,answer,text_gt
MMLU,clinical_knowledge,mmlu::clinical_knowledge::0,Type I muscle fibres have the following characteristics:,"white, glycolytic, slow contracting.","white, oxidative, slow contracting.","red, oxidative, fast contracting.","red, oxidative, slow contracting.",D,Type I muscle fibres have the following characteristics:
MMLU,clinical_knowledge,mmlu::clinical_knowledge::1,Mr Wood has just returned from surgery and has severe internal bleeding. Which of the following observations would you NOT expect to find on undertaking post-operative observations?,Hypotension.,Bradycardia.,Confusion,Tachypnoea.,B,Mr Wood has just returned from surgery and has severe internal bleeding. Which of the following observations would you NOT expect to find on undertaking post-operative observations?
MMLU,clinical_knowledge,mmlu::clinical_knowledge::2,Which of the following represents Cushing's response?,"Low blood pressure, tachycardia.","High blood pressure, tachycardia.","Low blood pressure, bradycardia.","High blood pressure, bradycardia.",D,Which of the following represents Cushing's response?
MMLU,clinical_knowledge,mmlu::clinical_knowledge::3,How many 'true' movements are available at the hip?,4,5,6,7,C,How many 'true' movements are available at the hip?
MMLU,clinical_knowledge,mmlu::clinical_knowledge::4,"For patients with asthma, how many times a day should a peak flow reading be taken?",Daily.,Twice a day.,Three times a week.,Once a week.,B,"For patients with asthma, how many times a day should a peak flow reading be taken?"
MMLU,clinical_knowledge,mmlu::clinical_knowledge::5,Which of the following is incorrect?,Dentures should be removed at night.,Dentures should be cleaned on removal from mouth.,Dentures should be stored in a named pot.,Dentures should be stored dry.,D,Which of the following is incorrect?
MMLU,clinical_knowledge,mmlu::clinical_knowledge::6,Why might you choose to use a silicone catheter (as of 2020 medical knowledge)?,Because the patient does not like the others.,Because the patient is allergic to latex.,Because there are no other kinds of catheter at your disposal.,Because it is cheaper.,B,Why might you choose to use a silicone catheter (as of 2020 medical knowledge)?
MMLU,clinical_knowledge,mmlu::clinical_knowledge::7,The recommended dose of creatine to load the muscles of a 70 kg man within one week is:,2 g/day.,5 g/day.,10 g/day.,20 g/day.,D,The recommended dose of creatine to load the muscles of a 70 kg man within one week is:
MMLU,clinical_knowledge,mmlu::clinical_knowledge::8,The coding sequences of genes are called:,extrons.,exons.,introns.,codons.,B,The coding sequences of genes are called:
MMLU,clinical_knowledge,mmlu::clinical_knowledge::9,Which of the following is true with regards to the anatomy involved in the rectal examination?,The sacrum is palpated anteriorly,The pubic bone is palpated anteriorly in both sexes,In the male the testes can be appreciated anteriorly,The cervix can sometimes be felt anteriorly in the female,D,Which of the following is true with regards to the anatomy involved in the rectal examination?
MMLU,clinical_knowledge,mmlu::clinical_knowledge::10,Using a large volume spacer will improve the deposition of medication by:,10-15%,40-60%,99-100%,30-40%,B,Using a large volume spacer will improve the deposition of medication by:
MMLU,clinical_knowledge,mmlu::clinical_knowledge::11,Which one of the following is not a use for intravenous infusions?,Administer prescribed intravenous fluid.,Administer dyes or contrast media for radiographic examinations.,Administer prescribed blood products.,To orally hydrate a patient.,D,Which one of the following is not a use for intravenous infusions?
MMLU,clinical_knowledge,mmlu::clinical_knowledge::12,"During exercise, adrenaline secretion from the adrenal glands is stimulated by:",increased plasma glucose.,increased plasma fatty acids.,increased plasma ACTH.,increased sympathetic nerve activity.,D,"During exercise, adrenaline secretion from the adrenal glands is stimulated by:"
MMLU,clinical_knowledge,mmlu::clinical_knowledge::13,Which of the following is true of blackouts and dizziness?,Confusion following a blackout is strongly suggestive of a fit,Pre-syncope is another term for a blackout,An epileptic fit always leads to the loss of consciousness,In the investigation of a blackout a blood sugar estimation is of no value,A,Which of the following is true of blackouts and dizziness?
MMLU,clinical_knowledge,mmlu::clinical_knowledge::14,Which of the following is true about abdominal pain?,Peptic ulcer pain is usually experienced in the hypogastrium,The pain of irritable bowel syndrome is usually well localised,The pain of oesophagitis is usually retrosternal in site,The pain of pancreatitis usually radiates to the groin,C,Which of the following is true about abdominal pain?
MMLU,clinical_knowledge,mmlu::clinical_knowledge::15,The following are features of Alzheimer's disease except:,short-term memory loss.,confusion.,poor attention.,drowsiness.,D,The following are features of Alzheimer's disease except:
MMLU,clinical_knowledge,mmlu::clinical_knowledge::16,Which of the following is true about radial nerve palsy?,The radial nerve arises from the lateral cord of the brachial plexus,It is associated with sensory loss over the medial half of the hand,It leads to wrist drop,It can occur due to a superficial laceration over the wrist,C,Which of the following is true about radial nerve palsy?
MMLU,clinical_knowledge,mmlu::clinical_knowledge::17,How can several different proteins be produced from the same gene?,By selective transcription of different parts of the DNA in the gene.,By doubling or tripling the length of the mRNA molecule produced from the primary transcript.,"The primary transcripts of many genes can be spliced in various ways to produce different mRNAs, a process known as alternative RNA splicing.",By splicing of the mRNA molecule after it has been formed from the primary transcript.,C,How can several different proteins be produced from the same gene?
MMLU,clinical_knowledge,mmlu::clinical_knowledge::18,How long can a long-term catheter stay in situ?,4 weeks.,7 weeks.,12 weeks.,20 weeks.,C,How long can a long-term catheter stay in situ?
MMLU,clinical_knowledge,mmlu::clinical_knowledge::19,Stridor is described as:,A wheezing sound.,A gurgling sound.,A rattling sound.,A high-pitched sound.,D,Stridor is described as:
MMLU,clinical_knowledge,mmlu::clinical_knowledge::20,What is cardiac output?,Stroke volume × heart rate.,Systemic vascular resistance × heart rate.,Blood pressure × heart rate.,Preload × stroke volume.,A,What is cardiac output?
MMLU,clinical_knowledge,mmlu::clinical_knowledge::21,Which of the following is true about the assessment of gait?,A stamping gait is caused by bilateral foot drop,An antalgic gait is caused by a painful leg,A waddling gait is sometimes called a steppage gait,An apraxic gait is due to hysteria,B,Which of the following is true about the assessment of gait?
MMLU,clinical_knowledge,mmlu::clinical_knowledge::22,What should be done after catheterization is carried out?,The patient should be thanked.,The patient should be advised when to drink.,Document catheterization in the patient's notes.,The patient should be washed.,C,What should be done after catheterization is carried out?
MMLU,clinical_knowledge,mmlu::clinical_knowledge::23,In a patient with chest pain which of these features is most suggestive of a myocardial infarction?,Very severe pain,Sweating and vomiting,Pain has lasted for over a week,Pain is sharp like a knife,B,In a patient with chest pain which of these features is most suggestive of a myocardial infarction?
MMLU,clinical_knowledge,mmlu::clinical_knowledge::24,In the assessment of visual fields which of the following is true?,A lesion at the optic chiasma leads to a homonymous hemianopia,Impulses from the retinal leave the eye via the optic radiation,An enlarged blind spot may occur because of papilloedema,The visual field examination maps out a patient's central vision,C,In the assessment of visual fields which of the following is true?
MMLU,clinical_knowledge,mmlu::clinical_knowledge::25,Who set the world record for the mile race in 1886?,R Bannister,S Coe,J DiMaggio,WG George,D,Who set the world record for the mile race in 1886?
MMLU,clinical_knowledge,mmlu::clinical_knowledge::26,What is erythema?,Inflammation of the sweat glands.,Redness of the skin due to congestion of the capillaries.,A form of skin infection.,Redness of the skin caused by pressure.,B,What is erythema?
MMLU,clinical_knowledge,mmlu::clinical_knowledge::27,"When branched chain amino acids are deaminated in muscle, the ammonia produced is mostly:",converted into arginine and released from the muscle.,converted into alanine and glutamine and released from the muscle.,converted into urea and released from the muscle.,used to synthesise purines and pyrimidines in the muscle.,B,"When branched chain amino acids are deaminated in muscle, the ammonia produced is mostly:"
MMLU,clinical_knowledge,mmlu::clinical_knowledge::28,Which of the following is true regarding the examination of the legs?,Sustained clonus occurs with hypotonia,Clonus can only be demonstrated at the ankle,"The root value of hip flexion is L4, L5",The root value of toe extension is L5,D,Which of the following is true regarding the examination of the legs?
MMLU,anatomy,mmlu::anatomy::0,Which of the following terms describes the body's ability to maintain its normal state?,Anabolism,Catabolism,Tolerance,Homeostasis,D,Which of the following terms describes the body's ability to maintain its normal state?
MMLU,anatomy,mmlu::anatomy::1,Which of the following structures travel through the substance of the parotid gland?,The maxillary artery,The maxillary artery and retromandibular vein,"The maxillary artery, retromandibular vein and facial artery","The maxillary artery, retromandibular vein, facial artery and buccal branch of the mandibular nerve",B,Which of the following structures travel through the substance of the parotid gland?
MMLU,anatomy,mmlu::anatomy::2,A medical practitioner places a stethoscope over the patient's seventh right intercostal space in the mid-axillary line. The stethoscope overlies the,upper lobe of the lung.,middle lobe of the lung.,lower lobe of the lung.,costo-diaphragmatic recess.,C,A medical practitioner places a stethoscope over the patient's seventh right intercostal space in the mid-axillary line. The stethoscope overlies the
MMLU,anatomy,mmlu::anatomy::3,The maxillary sinus,is lined by stratified squamous epithelium.,drains into the superior meatus of the nasal cavities.,is innervated by branches of the maxillary division of the trigeminal nerve.,Receives its blood supply from the first part of the maxillary artery.,C,The maxillary sinus
MMLU,anatomy,mmlu::anatomy::4,Which of the following is flexible connective tissue that is attached to bones at the joints?,Adipose,Cartilage,Epithelial,Muscle,B,Which of the following is flexible connective tissue that is attached to bones at the joints?
MMLU,anatomy,mmlu::anatomy::5,Tonsillar tissue is commonly found,on the posterior wall of the oropharynx.,under the mucosa of the ventral surface of the tongue.,between the palatoglossal and palatopharyngeal folds.,at all three sites.,C,Tonsillar tissue is commonly found
MMLU,anatomy,mmlu::anatomy::6,The best place to listen to the general heart sound with a stethoscope is the,fifth left intercostal space in the midclavicular line.,second left intercostal space one inch from the sternum.,third left rib at its junction with the sternum.,sternum midway between the sternal angle and xiphisternum.,A,The best place to listen to the general heart sound with a stethoscope is the
MMLU,anatomy,mmlu::anatomy::7,Emissary veins connect the intracranial venous sinuses to,veins draining the scalp.,veins draining the eye.,the pterygoid venous plexus.,All of the above areas.,D,Emissary veins connect the intracranial venous sinuses to
MMLU,anatomy,mmlu::anatomy::8,Smooth muscle cells contain,actin but not myosin.,myosin but not actin.,actin and myosin arranged irregularly.,actin and myosin arranged in parallel arrays.,C,Smooth muscle cells contain
MMLU,anatomy,mmlu::anatomy::9,"Which of the following controls body temperature, sleep, and appetite?",Adrenal glands,Hypothalamus,Pancreas,Thalamus,B,"Which of the following controls body temperature, sleep, and appetite?"
MMLU,anatomy,mmlu::anatomy::10,Which one of the following is brought about by activation of sympathetic nerves?,Contraction of bronchial smooth muscle.,Dilation of the pupil of the eye.,Increase in intestinal secretion,Decrease in heart rate,B,Which one of the following is brought about by activation of sympathetic nerves?
MMLU,anatomy,mmlu::anatomy::11,The trachea,lies deep to the oesophagus.,lies superficial to the oesophagus.,is totally enclosed by cartilaginous rings.,divides at the thoracic inlet.,B,The trachea
MMLU,anatomy,mmlu::anatomy::12,Pharyngeal mucosa is innervated by the glossopharyngeal nerves because it develops from the,first pharyngeal arch.,second pharyngeal arch.,third pharyngeal arch.,fourth pharyngeal arch.,C,Pharyngeal mucosa is innervated by the glossopharyngeal nerves because it develops from the
MMLU,anatomy,mmlu::anatomy::13,A patient is most likely to experience pain due to infection of the ethmoidal air cells sinus,at the base of the skull.,on the forehead.,in the cheeks.,between the eyes.,D,A patient is most likely to experience pain due to infection of the ethmoidal air cells sinus
MMLU,college_medicine,mmlu::college_medicine::0,A student observes that mercury forms a convex meniscus in the graduated cylinder but that water forms a concave one. This behavior is best explained by the fact that:,the two liquids are being kept in graduated cylinders made of different materials.,the adhesive forces between water and the walls of the graduated cylinder are greater than the adhesive forces between the mercury and the walls of the graduated cylinder.,the cohesive forces between two mercury atoms are stronger than the cohesive forces between two water molecules.,"the mercury has strong cohesive than adhesive forces, whereas water has strong adhesive than cohesive ones.",D,A student observes that mercury forms a convex meniscus in the graduated cylinder but that water forms a concave one. This behavior is best explained by the fact that:
MMLU,college_medicine,mmlu::college_medicine::1,"Human beings require many outside resources in order to survive. An individual will not survive without water, air, etc. Thankfully, the human brain is wired to seek out these resources when they are depleted before harm occurs to the individual. The downside of this, however, is that they can produce too much reward, and become a temptation. Which of the following statements would mean a desire has become a temptation?",A person desiring to lose weight makes a late night snack to quell a craving.,A marathon runner seeks out water after finishing a race.,A free diver delays leaving the beach after a dive by a few minutes in order to regain their breath.,A person pauses their show on TV in order to grab a blanket because they are cold.,A,"Human beings require many outside resources in order to survive. An individual will not survive without water, air, etc. Thankfully, the human brain is wired to seek out these resources when they are depleted before harm occurs to the individual. The downside of this, however, is that they can produce too much reward, and become a temptation. Which of the following statements would mean a desire has become a temptation?"
MMLU,college_medicine,mmlu::college_medicine::2,How many chromosomes do all human somatic cells contain?,3,20,23,46,D,How many chromosomes do all human somatic cells contain?
MMLU,college_medicine,mmlu::college_medicine::3,In all-out exercise such as sprinting the first fibre types to fatigue are the:,Type I fibres.,Type Ia fibres.,Type IIa fibres.,Type IIX fibres.,D,In all-out exercise such as sprinting the first fibre types to fatigue are the:
MMLU,college_medicine,mmlu::college_medicine::4,The term gene doping refers to:,the use of drugs to modify gene transcription.,the use of genetic manipulation techniques to enhance performance in sport.,the activation or inhibition of genes to mask drug taking by athletes.,the use of drugs to modify the myostatin gene.,B,The term gene doping refers to:
MMLU,college_medicine,mmlu::college_medicine::5,"Which of the following would be the most accurate definition of Nietzsche’s Will to Truth?""",An intrinsic desire to know the truth.,Moral drive to act toward what is good.,A subset of our ego that acts towards what is right.,Our desire for love.,A,"Which of the following would be the most accurate definition of Nietzsche’s Will to Truth?"""
MMLU,college_medicine,mmlu::college_medicine::6,Which of the following physiological characteristics is not important for success in endurance events such as the marathon race?,The ability to regulate body temperature.,The ability to supply oxygen to the exercising muscles.,The availability of body stores of carbohydrate.,Muscle ATP and phosphocreatine content.,D,Which of the following physiological characteristics is not important for success in endurance events such as the marathon race?
MMLU,college_medicine,mmlu::college_medicine::7,"During exercise, adrenaline secretion from the adrenal glands is stimulated by:",increased plasma glucose.,increased plasma fatty acids.,increased plasma ACTH.,increased sympathetic nerve activity.,D,"During exercise, adrenaline secretion from the adrenal glands is stimulated by:"
MMLU,college_medicine,mmlu::college_medicine::8,"A young adult man begins seeing a therapist and tells the therapist that he has homosexual feelings, and that he self-identifies as gay. He is plagued by feelings of worthlessness and fears that he will be subject to what his religion terms “eternal damnation”. He feels alienated from his family and friends, as he knows of no other homosexuals in his peer group or family. In the course of working with the man, the therapist helps him see that his feelings are exceptionally common among people who have recently discovered their same-sex feelings, and encourages him to attend a support group for newly “out” gay men. The therapist’s approach demonstrates which of the following phenomena?",Stereotype threat,Groupthink,Universalization,Spatial discrimination,C,"A young adult man begins seeing a therapist and tells the therapist that he has homosexual feelings, and that he self-identifies as gay. He is plagued by feelings of worthlessness and fears that he will be subject to what his religion terms “eternal damnation”. He feels alienated from his family and friends, as he knows of no other homosexuals in his peer group or family. In the course of working with the man, the therapist helps him see that his feelings are exceptionally common among people who have recently discovered their same-sex feelings, and encourages him to attend a support group for newly “out” gay men. The therapist’s approach demonstrates which of the following phenomena?"
MMLU,college_medicine,mmlu::college_medicine::9,"A 1 meter tall jug of water, while sitting on a countertop 2 meters high with its lid open, springs a leak from a weak spot in the plastic at the very bottom of the side. How fast will water empty from the jug?",4.47 m/s,6.25 m/s,8.26 m/s,2.22 m/s,A,"A 1 meter tall jug of water, while sitting on a countertop 2 meters high with its lid open, springs a leak from a weak spot in the plastic at the very bottom of the side. How fast will water empty from the jug?"
MMLU,college_medicine,mmlu::college_medicine::10,The two principal contractile proteins found in skeletal muscle are:,actin and troponin.,actin and myosin.,troponin and tropomyosin.,myosin and tropomyosin.,B,The two principal contractile proteins found in skeletal muscle are:
MMLU,college_medicine,mmlu::college_medicine::11,"A psychology study run on a college campus was set up right outside of the gym on a weekday. Chocolate chip cookies were offered right outside the door, and then a sign was placed 15 feet further down the hall that asked people to avoid using the stairs, forcing them to go around in a longer hallway. There were no barriers to using the stairs other than the sign. The results returned, and it showed that individuals who took a sweet from the tray were twice as likely to use the longer hallway as individuals who refused. This is an example of what psychological concept?",Learned helplessness,Insecure attachment,Ego depletion,Tyranny of choice,C,"A psychology study run on a college campus was set up right outside of the gym on a weekday. Chocolate chip cookies were offered right outside the door, and then a sign was placed 15 feet further down the hall that asked people to avoid using the stairs, forcing them to go around in a longer hallway. There were no barriers to using the stairs other than the sign. The results returned, and it showed that individuals who took a sweet from the tray were twice as likely to use the longer hallway as individuals who refused. This is an example of what psychological concept?"
MMLU,college_medicine,mmlu::college_medicine::12,"Cystic Fibrosis (CF) patients often have a loss of pancreas activity during their adolescent years. Loss of which enzyme, if isolated would lead to the most extensive effects on nutrient absorption?",Lipase,Elastinogen,Trypsinogen,Carboxypeptidase,C,"Cystic Fibrosis (CF) patients often have a loss of pancreas activity during their adolescent years. Loss of which enzyme, if isolated would lead to the most extensive effects on nutrient absorption?"
MMLU,college_medicine,mmlu::college_medicine::13,"Somatic eukaryotic cells in the human body proceed normally through repetitive phases of the cell cycle in order to divide and make replicates of themselves. The point at which a cell commits to dividing is known as the restriction point (R). Prior to this, how many chromosomes and chromatids does the cell have?","23 chromosomes, 46 chromatids","46 chromosomes, 92 chromatids","23 chromosomes, 23 chromatids","46 chromosomes, 46 chromatids",D,"Somatic eukaryotic cells in the human body proceed normally through repetitive phases of the cell cycle in order to divide and make replicates of themselves. The point at which a cell commits to dividing is known as the restriction point (R). Prior to this, how many chromosomes and chromatids does the cell have?"
MMLU,college_medicine,mmlu::college_medicine::14,A person suffering from severe dehydration and starvation would NOT be expected to have elevated plasma concentrations for which of the following hormones?,ADH,Cortisol,Aldosterone,Insulin,D,A person suffering from severe dehydration and starvation would NOT be expected to have elevated plasma concentrations for which of the following hormones?
MMLU,college_medicine,mmlu::college_medicine::15,The recommended dose of creatine to load the muscles of a 70 kg man within one week is:,2 g/day.,5 g/day.,10 g/day.,20 g/day.,D,The recommended dose of creatine to load the muscles of a 70 kg man within one week is:
MMLU,college_medicine,mmlu::college_medicine::16,The creatine kinase reaction is:,irreversible.,slow compared with glycolysis.,not activated until all the ATP has been used up.,inhibited by low pH in the muscle.,D,The creatine kinase reaction is:
MMLU,college_medicine,mmlu::college_medicine::17,"A young woman comes to the clinic for feeling like her “heart is beating too fast”. When her pulse is recorded it is in normal range. Upon interview, you learn that she is often concerned about lots of things. In fact, she can’t remember many instances in which she has not had some event playing over and over in her head. She says that she often seeks out relationships to comfort her self-esteem, and admits she stays in these relationships too long for fear of being alone. What personality cluster would this person fall under?",Cluster A,Cluster B,Cluster C,This does not seem like a personality disorder.,C,"A young woman comes to the clinic for feeling like her “heart is beating too fast”. When her pulse is recorded it is in normal range. Upon interview, you learn that she is often concerned about lots of things. In fact, she can’t remember many instances in which she has not had some event playing over and over in her head. She says that she often seeks out relationships to comfort her self-esteem, and admits she stays in these relationships too long for fear of being alone. What personality cluster would this person fall under?"
MMLU,college_medicine,mmlu::college_medicine::18,An allele that is masked is referred to as:,recessive.,redundant.,repressed.,reclusive.,A,An allele that is masked is referred to as:
MMLU,college_medicine,mmlu::college_medicine::19,"In general, the higher the intensity of exercise, the greater the proportional contribution of:",aerobic energy production.,anaerobic energy production.,the TCA cycle (Krebs' cycle) to the production of ATP.,the electron transfer chain to the production of ATP.,B,"In general, the higher the intensity of exercise, the greater the proportional contribution of:"
MMLU,college_medicine,mmlu::college_medicine::20,The main factors determining success in sport are:,a high energy diet and large appetite.,high intelligence and motivation to succeed.,a good coach and the motivation to succeed.,innate ability and the capacity to respond to the training stimulus.,D,The main factors determining success in sport are:
MMLU,college_medicine,mmlu::college_medicine::21,The social phenomenon of groupthink is characterized by all of the following EXCEPT:,A significant over-rating of the decision-making abilities of members of the ingroup.,A decrease in the creativity of individual group members in contributing to solutions the ingroup wants to achieve.,High loyalty and group cohesiveness causing members to feel safe raising controversial issues and proposing alternative solutions.,An effort to minimize conflict and ensure consensus.,C,The social phenomenon of groupthink is characterized by all of the following EXCEPT:
MMLU,college_biology,mmlu::college_biology::0,Which of the following is the most direct cause of polyteny in somatic cells of certain organisms?,RNA transcription,Supercoiling of chromatin,Chromosome replication without cell division,Chromosome recombination,C,Which of the following is the most direct cause of polyteny in somatic cells of certain organisms?
MMLU,college_biology,mmlu::college_biology::1,All of the following statements about muscle contraction are true EXCEPT:,The ends of actin filaments move closer together.,The length of myosin filaments does not change.,Calcium-troponin binding precedes actin-myosin binding.,Calcium-tropomyosin binding precedes actin-myosin binding.,D,All of the following statements about muscle contraction are true EXCEPT:
MMLU,college_biology,mmlu::college_biology::2,Short-term changes in plant growth rate mediated by the plant hormone auxin are hypothesized to result from,loss of turgor pressure in the affected cells,increased extensibility of the walls of affected cells,suppression of metabolic activity in affected cells,cytoskeletal rearrangements in the affected cells,B,Short-term changes in plant growth rate mediated by the plant hormone auxin are hypothesized to result from
MMLU,college_biology,mmlu::college_biology::3,RNA is thought to have played an important role in the evolution of life for which of the following reasons? I. It occurred in great quantities on early Earth. II. It can self-replicate via a complementary chain. III. It can catalyze some cellular functions.,I only,II only,III only,II and III,D,RNA is thought to have played an important role in the evolution of life for which of the following reasons? I. It occurred in great quantities on early Earth. II. It can self-replicate via a complementary chain. III. It can catalyze some cellular functions.
MMLU,college_biology,mmlu::college_biology::4,"An organism with a lobed thallus, rhizoids, and gemmae is a",moss,liverwort,fern,mushroom,B,"An organism with a lobed thallus, rhizoids, and gemmae is a"
MMLU,college_biology,mmlu::college_biology::5,"One hypothesis posed by evolutionary biologists to account for an organism's altruistic behavior in social groups is that of kin selection. According to the kin selection theory, the risk incurred by a bird that sounds an alarm call due to a nearby predator may be offset by the fact that",the alarm call induces the predator to abandon its hunt,the alarm call allows the bird to gain protection at the center of a flock,the alarm call will benefit those members with whom the bird shares a percentage of its genes,the bird will gain the same early warning advantage from another member of the flock at a future time,C,"One hypothesis posed by evolutionary biologists to account for an organism's altruistic behavior in social groups is that of kin selection. According to the kin selection theory, the risk incurred by a bird that sounds an alarm call due to a nearby predator may be offset by the fact that"
MMLU,college_biology,mmlu::college_biology::6,"A plant that possesses swimming sperm, xylem with tracheids, independent gametophyte and sporophyte phases, and no seeds is probably most closely related to",mosses,pines,ferns,liverworts,C,"A plant that possesses swimming sperm, xylem with tracheids, independent gametophyte and sporophyte phases, and no seeds is probably most closely related to"
MMLU,college_biology,mmlu::college_biology::7,Which of the following is NOT a characteristic of an oligotrophic lake?,Low nutrient levels,High altitudes,Shallow water,Sand or gravel bottom,C,Which of the following is NOT a characteristic of an oligotrophic lake?
MMLU,college_biology,mmlu::college_biology::8,Evidence that sea urchins are more closely related to frogs than they are to snails is that echinoderms and chordates share which of the following embryological features?,An embryonic notochord disappears by the adult stage.,Larvae undergo metamorphosis.,Early embryos are unable to compensate for missing cells.,The pore that forms the mouth develops after the pore that forms the anus.,D,Evidence that sea urchins are more closely related to frogs than they are to snails is that echinoderms and chordates share which of the following embryological features?
MMLU,college_biology,mmlu::college_biology::9,Which of the following is NOT a correct statement concerning elastin?,It is a component of large blood vessels.,Its secondary structure consists primarily of alpha helices.,It is secreted into the extracellular matrix of tissues.,It is a globular protein found in connective tissue.,D,Which of the following is NOT a correct statement concerning elastin?
MMLU,college_biology,mmlu::college_biology::10,"In cloning experiments on the frog Xenopus laevis, nuclei were removed from intestinal cells of tadpoles and transplanted into zygotes whose nuclei had been removed. A small percent of these zygotes developed into normal frogs, suggesting that",intestinal cells can be transformed into all cell types,frogs do not have the same developmental constraints as other species,intestinal cell nuclei are highly specialized,the genomes of all somatic cells are equivalent,D,"In cloning experiments on the frog Xenopus laevis, nuclei were removed from intestinal cells of tadpoles and transplanted into zygotes whose nuclei had been removed. A small percent of these zygotes developed into normal frogs, suggesting that"
MMLU,college_biology,mmlu::college_biology::11,Which of the following sets of reactions occurs in the stroma of the chloroplast in plant cells?,Calvin cycle,Krebs cycle,Fermentation,Decarboxylation,A,Which of the following sets of reactions occurs in the stroma of the chloroplast in plant cells?
MMLU,college_biology,mmlu::college_biology::12,Which of the following provides visual evidence of genetic recombination during meiosis?,Centromeres,Synaptonemal complexes,Haploid nuclei,Chiasmata,D,Which of the following provides visual evidence of genetic recombination during meiosis?
MMLU,college_biology,mmlu::college_biology::13,Which of the following occurred first during the separation of the elements of Pangaea through continental drift?,Gondwana and Laurasia were formed.,Africa separated from South America.,India collided with Eurasia to form the Himalayan mountain chain.,Australia separated from the rest of the continental landmasses.,A,Which of the following occurred first during the separation of the elements of Pangaea through continental drift?
MMLU,college_biology,mmlu::college_biology::14,Which of the following traits do prokaryotes and eukaryotes have in common?,A single chromosome carries the entire genome.,Chromosomes are circular.,Replication is bidirectional.,Molecular weight of respective DNA is comparable.,C,Which of the following traits do prokaryotes and eukaryotes have in common?
MMLU,college_biology,mmlu::college_biology::15,All of the following are required procedures in order to clone specific mRNA molecules EXCEPT,extracting mRNA from cells,cleaving the full genome of a cell into fragments,creating a cDNA molecule,converting single-stranded cDNA into double-stranded cDNA,B,All of the following are required procedures in order to clone specific mRNA molecules EXCEPT
MMLU,medical_genetics,mmlu::medical_genetics::0,The allele associated with sickle cell anemia apparently reached a high frequency in some human populations due to:,random mating,superior fitness of heterozygotes in areas where malaria was present,migration of individuals with the allele into other populations,a high mutation rate at that specific gene,B,The allele associated with sickle cell anemia apparently reached a high frequency in some human populations due to:
MMLU,medical_genetics,mmlu::medical_genetics::1,RFLP analysis is a technique that,uses hybridization to detect specific DNA restriction fragments in genomic DNA,is used to determine whether a gene is transcribed in specific cells,measures the transfer frequency of genes during conjugation,is used to detect genetic variation at the protein level,A,RFLP analysis is a technique that
MMLU,medical_genetics,mmlu::medical_genetics::2,"Repeat core sequences consisting of 2, 3, or 4 base pairs are known as what?",Single nucleotide polymorphisms (SNPs),Microsatellites,Minisatellites,Satellites,B,"Repeat core sequences consisting of 2, 3, or 4 base pairs are known as what?"
MMLU,medical_genetics,mmlu::medical_genetics::3,Marfan syndrome is caused by mutations in the gene which encodes _______.,Collagen,Dystrophin,Elastin,Fibrillin,D,Marfan syndrome is caused by mutations in the gene which encodes _______.
MMLU,medical_genetics,mmlu::medical_genetics::4,If an autosomal recessive disorder which shows Hardy-Weinberg equilibrium has an incidence of 1 in 6400 then the frequency of carriers is approximately _______.,1 in 20,1 in 40,1 in 80,1 in 160,B,If an autosomal recessive disorder which shows Hardy-Weinberg equilibrium has an incidence of 1 in 6400 then the frequency of carriers is approximately _______.
MMLU,medical_genetics,mmlu::medical_genetics::5,Tracing of a cell lineage during development means that,the cells giving rise to and derived from a specific cell are known,the sequence of the enhancers for developmental genes is known,the regulatory genes for the organism have been genetically mapped,cell components in the membrane involved in signaling have been isolated,A,Tracing of a cell lineage during development means that
MMLU,medical_genetics,mmlu::medical_genetics::6,Mutations which occur in body cells which do not go on to form gametes can be classified as:,auxotrophic mutations,somatic mutations,morphological mutations,oncogenes,B,Mutations which occur in body cells which do not go on to form gametes can be classified as:
MMLU,medical_genetics,mmlu::medical_genetics::7,"Assuming that the level of glucose is low, a mutation in the repressor of the lac operon in E. coli, preventing binding of the repressor to the operator, should result in:",constitutive expression of the lac operon genes,lack of expression or reduced expression of the lac operon genes under all circumstances,expression of the genes only when lactose is present,expression of the genes only when lactose is absent,A,"Assuming that the level of glucose is low, a mutation in the repressor of the lac operon in E. coli, preventing binding of the repressor to the operator, should result in:"
MMLU,medical_genetics,mmlu::medical_genetics::8,The “sticky ends” generated by restriction enzymes allow,selection for plasmids lacking antibiotic resistance,pieces of DNA from different sources to hybridize to each other and to be joined together,replication of transfer RNA within the bacterial cell,easy identification of plasmids which carry an insert,B,The “sticky ends” generated by restriction enzymes allow
MMLU,medical_genetics,mmlu::medical_genetics::9,The presence of an extra digit is referred to as __________.,arachnodactyly,brachydactyly,clinodactyly,polydactyly,D,The presence of an extra digit is referred to as __________.
MMLU,medical_genetics,mmlu::medical_genetics::10,Which of the following statements about heritability are true?,is a measure of the level of heterozygotes in a population,is a measure of the proportion of variation that is due to genetic causes,is a measure of proportion of repeated DNA in an organism,is a measure of level of gene linkage,B,Which of the following statements about heritability are true?
MMLU,professional_medicine,mmlu::professional_medicine::0,An 84-year-old female is diagnosed with a third recurrence of breast cancer that has now metastasized to the brain and lungs. She does not wish to pursue further treatment at this time despite being advised that this is a terminal condition. Her family insists on trying both radiation and chemotherapy in hopes that the cancer will again be successfully treated. It is the duty of the physician to,agree with the family since they have the patient's best interest in mind,convince the patient to try either radiation or chemotherapy,disregard the family's wishes,protect the patient's autonomy,D,An 84-year-old female is diagnosed with a third recurrence of breast cancer that has now metastasized to the brain and lungs. She does not wish to pursue further treatment at this time despite being advised that this is a terminal condition. Her family insists on trying both radiation and chemotherapy in hopes that the cancer will again be successfully treated. It is the duty of the physician to
MMLU,professional_medicine,mmlu::professional_medicine::1,"A cohort study is conducted to compare the incidence of adverse effects of a recently approved antihypertensive pharmacotherapy with that of conventional therapy. A total of 20,000 patients are enrolled. Twelve thousand are prescribed the recently approved therapy, and 8,000 are prescribed conventional therapy. Patients in the study and control groups are matched for baseline blood pressure, age, and gender. Data are collected from the records of the patients' ongoing clinical care. Results show that those receiving the newly approved treatment have twice the incidence of fatigue compared with those receiving the conventional treatment. The results are statistically significant (p=0.01). Which of the following potential flaws is most likely to invalidate this study?",Publication bias,Selection bias,Type I error,Type II error,B,"A cohort study is conducted to compare the incidence of adverse effects of a recently approved antihypertensive pharmacotherapy with that of conventional therapy. A total of 20,000 patients are enrolled. Twelve thousand are prescribed the recently approved therapy, and 8,000 are prescribed conventional therapy. Patients in the study and control groups are matched for baseline blood pressure, age, and gender. Data are collected from the records of the patients' ongoing clinical care. Results show that those receiving the newly approved treatment have twice the incidence of fatigue compared with those receiving the conventional treatment. The results are statistically significant (p=0.01). Which of the following potential flaws is most likely to invalidate this study?"
MMLU,professional_medicine,mmlu::professional_medicine::2,"A 55-year-old man is brought to the emergency department by his wife because he told her he did not want to live anymore. During the past 6 weeks, he has experienced fatigue, loss of interest in usual activities, a 7-kg (15-lb) weight loss, and insomnia. He has no history of serious medical or psychiatric illness. Vital signs are temperature 37.0°C (98.6°F), pulse 80/min, respirations 16/min, and blood pressure 140/82 mm Hg. Physical examination discloses no abnormalities. Beck Depression Inventory score is 35 (severely depressed). He says he feels guilty that his investments have not done well and that he has ruined his family finances. He reports he hears voices at night telling him he has sinned. In addition to olanzapine, which of the following is the best treatment option for this patient?",Divalproex,Fluoxetine,Lamotrigine,Lithium carbonate,B,"A 55-year-old man is brought to the emergency department by his wife because he told her he did not want to live anymore. During the past 6 weeks, he has experienced fatigue, loss of interest in usual activities, a 7-kg (15-lb) weight loss, and insomnia. He has no history of serious medical or psychiatric illness. Vital signs are temperature 37.0°C (98.6°F), pulse 80/min, respirations 16/min, and blood pressure 140/82 mm Hg. Physical examination discloses no abnormalities. Beck Depression Inventory score is 35 (severely depressed). He says he feels guilty that his investments have not done well and that he has ruined his family finances. He reports he hears voices at night telling him he has sinned. In addition to olanzapine, which of the following is the best treatment option for this patient?"
MMLU,professional_medicine,mmlu::professional_medicine::3,"A 14-year-old girl with a 9-year history of type 1 diabetes mellitus is brought to the physician by her mother for a follow-up examination. She has been admitted to the hospital twice in the past 3 months because of diabetic ketoacidosis. She previously had been compliant with monitoring her blood glucose concentration and with her diet and insulin regimen. She acknowledges that, when she is with her peers, she eats whatever she wants and does not check her blood glucose concentration. She adds, ""I'm embarrassed to inject myself in front of them."" The physician is having a great deal of difficulty with her 15-year-old son who has been truant from school and sneaking out of the house. She says to the patient, ""You should be ashamed for not taking care of yourself. We've all worked so hard to keep you healthy."" Which of the following terms best describes the physician's reaction to the patient?",Countertransference,Identification with the aggressor,Projection,Splitting,A,"A 14-year-old girl with a 9-year history of type 1 diabetes mellitus is brought to the physician by her mother for a follow-up examination. She has been admitted to the hospital twice in the past 3 months because of diabetic ketoacidosis. She previously had been compliant with monitoring her blood glucose concentration and with her diet and insulin regimen. She acknowledges that, when she is with her peers, she eats whatever she wants and does not check her blood glucose concentration. She adds, ""I'm embarrassed to inject myself in front of them."" The physician is having a great deal of difficulty with her 15-year-old son who has been truant from school and sneaking out of the house. She says to the patient, ""You should be ashamed for not taking care of yourself. We've all worked so hard to keep you healthy."" Which of the following terms best describes the physician's reaction to the patient?"
MMLU,professional_medicine,mmlu::professional_medicine::4,"A 70-year-old woman comes to the office for an annual health maintenance examination. She describes a 1-year history of slowly progressive fatigue, diffuse muscle aches, and generalized pain. Medical history is significant for osteoporosis diagnosed 5 years ago. Medications include alendronate and calcium supplementation. Vital signs are normal. Physical examination is unremarkable for her age, with no point tenderness on palpation. Results of complete blood count, serum electrolyte and thyroid-stimulating hormone concentrations, liver function tests, and erythrocyte sedimentation rate are all within the reference ranges. Screening mammography and colonoscopy done 1 year ago disclosed no abnormalities. Which of the following is the most appropriate next step in evaluation?",Electromyography and nerve conduction studies,MRI of the cervical spine,Serum antinuclear antibody assay,Serum 25-hydroxyvitamin D assay,D,"A 70-year-old woman comes to the office for an annual health maintenance examination. She describes a 1-year history of slowly progressive fatigue, diffuse muscle aches, and generalized pain. Medical history is significant for osteoporosis diagnosed 5 years ago. Medications include alendronate and calcium supplementation. Vital signs are normal. Physical examination is unremarkable for her age, with no point tenderness on palpation. Results of complete blood count, serum electrolyte and thyroid-stimulating hormone concentrations, liver function tests, and erythrocyte sedimentation rate are all within the reference ranges. Screening mammography and colonoscopy done 1 year ago disclosed no abnormalities. Which of the following is the most appropriate next step in evaluation?"
MMLU,professional_medicine,mmlu::professional_medicine::5,"A 6-day-old breast-fed boy is brought to the emergency department by his mother because of poor weight gain and irritability since delivery, and a 2-hour history of vomiting. Physical examination shows jaundice and hepatomegaly. A reducing substance test result of the urine is positive, and a glucose oxidase test result is negative. The concentration of which of the following metabolites in liver is most likely increased in this patient?","Fructose 1,6-bisphosphate",Galactose 1-phosphate,Glucose 1-phosphate,Glucose 6-phosphate,B,"A 6-day-old breast-fed boy is brought to the emergency department by his mother because of poor weight gain and irritability since delivery, and a 2-hour history of vomiting. Physical examination shows jaundice and hepatomegaly. A reducing substance test result of the urine is positive, and a glucose oxidase test result is negative. The concentration of which of the following metabolites in liver is most likely increased in this patient?"
MMLU,professional_medicine,mmlu::professional_medicine::6,"For 8 weeks, a 52-year-old man with a 5-year history of type 2 diabetes mellitus has had deep burning pain in the ball of his right foot and big toe when the foot is raised above chest concentration. He also has cramping in his right calf when he walks more than 50 feet. He has smoked two packs of cigarettes daily for 30 years. Femoral pulses are palpable; pedal pulses are absent. Which of the following is the most likely diagnosis?",Aortoiliac stenosis,Femoral popliteal stenosis,Mononeuropathy,Vasculitis,B,"For 8 weeks, a 52-year-old man with a 5-year history of type 2 diabetes mellitus has had deep burning pain in the ball of his right foot and big toe when the foot is raised above chest concentration. He also has cramping in his right calf when he walks more than 50 feet. He has smoked two packs of cigarettes daily for 30 years. Femoral pulses are palpable; pedal pulses are absent. Which of the following is the most likely diagnosis?"
MMLU,professional_medicine,mmlu::professional_medicine::7,A 56-year-old man comes to the emergency department because of a 4-day history of colicky right flank pain that radiates to the groin and hematuria. Ultrasound examination of the kidneys shows right-sided hydronephrosis and a dilated ureter. Which of the following is most likely to be found on urinalysis?,Glucose,Leukocyte casts,Oval fat bodies,Uric acid crystals,D,A 56-year-old man comes to the emergency department because of a 4-day history of colicky right flank pain that radiates to the groin and hematuria. Ultrasound examination of the kidneys shows right-sided hydronephrosis and a dilated ureter. Which of the following is most likely to be found on urinalysis?
MMLU,professional_medicine,mmlu::professional_medicine::8,"A 45-year-old man with AIDS comes to the community health center because of a 1-week history of fever, chills, sweating, mild shortness of breath, and nonproductive cough. Medical history is also remarkable for pneumonia 3 years ago that required hospitalization. Today, he says that he lost his job 6 months ago, is now homeless, and cannot afford to buy his antiretroviral medications. Vital signs are temperature 38.6°C (101.5°F), pulse 82/min, respirations 20/min, and blood pressure 116/72 mm Hg. Pulse oximetry on room air shows an oxygen saturation of 97%. The health center is very busy with several patients waiting to be evaluated. Which of the following is the most appropriate next step?",Arrange a direct admission to the hospital for this patient,Continue with obtaining a thorough history and examining this patient,Place masks on the patient and yourself and then continue to evaluate him,"Send this patient for chest x-rays, and while they are being obtained examine the next patient",C,"A 45-year-old man with AIDS comes to the community health center because of a 1-week history of fever, chills, sweating, mild shortness of breath, and nonproductive cough. Medical history is also remarkable for pneumonia 3 years ago that required hospitalization. Today, he says that he lost his job 6 months ago, is now homeless, and cannot afford to buy his antiretroviral medications. Vital signs are temperature 38.6°C (101.5°F), pulse 82/min, respirations 20/min, and blood pressure 116/72 mm Hg. Pulse oximetry on room air shows an oxygen saturation of 97%. The health center is very busy with several patients waiting to be evaluated. Which of the following is the most appropriate next step?"
MMLU,professional_medicine,mmlu::professional_medicine::9,"A 19-year-old woman noticed a mass in her left breast 2 weeks ago while doing monthly breast self-examination. Her mother died of metastatic breast cancer at the age of 40 years. Examination shows large dense breasts; a 2-cm, firm, mobile mass is palpated in the upper outer quadrant of the left breast. There are no changes in the skin or nipple, and there is no palpable axillary adenopathy. Which of the following is the most likely diagnosis?",Fibroadenoma,Fibrocystic changes of the breast,Infiltrating ductal carcinoma,Intraductal papilloma,A,"A 19-year-old woman noticed a mass in her left breast 2 weeks ago while doing monthly breast self-examination. Her mother died of metastatic breast cancer at the age of 40 years. Examination shows large dense breasts; a 2-cm, firm, mobile mass is palpated in the upper outer quadrant of the left breast. There are no changes in the skin or nipple, and there is no palpable axillary adenopathy. Which of the following is the most likely diagnosis?"
MMLU,professional_medicine,mmlu::professional_medicine::10,"A 2-week-old newborn is brought to the physician because his lips have turned blue on three occasions during feeding; he also sweats during feeding. He was born at 38 weeks' gestation and weighed 2466 g (5 lb 7 oz); he currently weighs 2778 g (6 lb 2 oz). His temperature is 37.8°C (100°F), pulse is 170/min, respirations are 44/min, and blood pressure is 75/45 mm Hg. A grade 3/6 harsh systolic ejection murmur is heard at the left upper sternal border. An x-ray of the chest shows a small boot-shaped heart and decreased pulmonary vascular markings. Which of the following is the most likely diagnosis?",Anomalous coronary vessels,Atrial septal defect,Endocardial fibroelastosis,Tetralogy of Fallot,D,"A 2-week-old newborn is brought to the physician because his lips have turned blue on three occasions during feeding; he also sweats during feeding. He was born at 38 weeks' gestation and weighed 2466 g (5 lb 7 oz); he currently weighs 2778 g (6 lb 2 oz). His temperature is 37.8°C (100°F), pulse is 170/min, respirations are 44/min, and blood pressure is 75/45 mm Hg. A grade 3/6 harsh systolic ejection murmur is heard at the left upper sternal border. An x-ray of the chest shows a small boot-shaped heart and decreased pulmonary vascular markings. Which of the following is the most likely diagnosis?"
MMLU,professional_medicine,mmlu::professional_medicine::11,"A 72-year-old woman comes to the physician because of a 3-day history of fever, shortness of breath, difficulty swallowing, chest pain, and cough. She is frail. Physical examination shows tachypnea and equal pulses bilaterally. Percussion of the chest shows dullness over the right lower lung field. Laboratory studies show arterial hypoxemia and decreased PCO2. A chest x-ray shows an area of opacification in the lower region of the right lung. Which of the following is the most likely cause of this patient's condition?",Alveolar proteinosis,Aspiration,Cigarette smoking,Emphysema,B,"A 72-year-old woman comes to the physician because of a 3-day history of fever, shortness of breath, difficulty swallowing, chest pain, and cough. She is frail. Physical examination shows tachypnea and equal pulses bilaterally. Percussion of the chest shows dullness over the right lower lung field. Laboratory studies show arterial hypoxemia and decreased PCO2. A chest x-ray shows an area of opacification in the lower region of the right lung. Which of the following is the most likely cause of this patient's condition?"
MMLU,professional_medicine,mmlu::professional_medicine::12,"A 24-year-old woman comes to the office for a routine health maintenance examination. She has been generally healthy for the past year. She is 155 cm (5 ft 1 in) tall and weighs 68 kg (150 lb); BMI is 28 kg/m2 . Vital signs are temperature 37.0°C (98.6°F), pulse 60/min, respirations 18/min, and blood pressure 118/54 mm Hg. Physical examination shows several small (<1 cm), smooth, slightly irregular, mobile, mildly tender lymph nodes palpable in her left groin just below the inguinal ligament. The most likely source of this lymphadenopathy will be found in which of the following?",Bone marrow,Lateral thigh,Lower abdomen,Vulva,D,"A 24-year-old woman comes to the office for a routine health maintenance examination. She has been generally healthy for the past year. She is 155 cm (5 ft 1 in) tall and weighs 68 kg (150 lb); BMI is 28 kg/m2 . Vital signs are temperature 37.0°C (98.6°F), pulse 60/min, respirations 18/min, and blood pressure 118/54 mm Hg. Physical examination shows several small (<1 cm), smooth, slightly irregular, mobile, mildly tender lymph nodes palpable in her left groin just below the inguinal ligament. The most likely source of this lymphadenopathy will be found in which of the following?"
MMLU,professional_medicine,mmlu::professional_medicine::13,"An obese 33-year-old woman has had four 12-hour episodes of severe, sharp, penetrating pain in the right upper quadrant of the abdomen associated with vomiting but no fever. She has no diarrhea, dysuria, or jaundice and is asymptomatic between episodes. There is slight tenderness to deep palpation in the right upper quadrant. Which of the following is the most appropriate next step in diagnosis?",Supine and erect x-rays of the abdomen,Upper gastrointestinal series,Ultrasonography of the upper abdomen,CT scan of the abdomen,C,"An obese 33-year-old woman has had four 12-hour episodes of severe, sharp, penetrating pain in the right upper quadrant of the abdomen associated with vomiting but no fever. She has no diarrhea, dysuria, or jaundice and is asymptomatic between episodes. There is slight tenderness to deep palpation in the right upper quadrant. Which of the following is the most appropriate next step in diagnosis?"
MMLU,professional_medicine,mmlu::professional_medicine::14,"A 25-year-old man with Down syndrome and mild mental retardation is brought to the office by his parents. He is their only child, and they are concerned that his current lifestyle is increasing his risk for coronary artery disease and stroke. The patient has a systolic murmur and also underwent surgical repair of an atrial septal defect at 1 year of age. He has smoked one pack of cigarettes daily for 5 years. He lives in a group home and works about 25 hours each week in a fast-food restaurant. He has a few friends and is romantically involved with a woman from his church group. The patient is 157 cm (5 ft 2 in) tall and weighs 91 kg (200 lb); BMI is 36 kg/m2 . Vital signs are normal. A grade 2/6 systolic murmur is heard best at the apex. The parents would like him to stop smoking and follow a healthier diet, and they feel the only way to monitor and control his behavior is for him to move back into their home. They request your assistance in obtaining legal guardianship of their son. Which of the following is the most appropriate initial recommendation?",Advise the parents not to influence their son's decision in this matter,Arrange for evaluation of their son's competency,Enroll their son in a smoking cessation program,Initiate a family meeting to discuss the parents' concerns with their son,D,"A 25-year-old man with Down syndrome and mild mental retardation is brought to the office by his parents. He is their only child, and they are concerned that his current lifestyle is increasing his risk for coronary artery disease and stroke. The patient has a systolic murmur and also underwent surgical repair of an atrial septal defect at 1 year of age. He has smoked one pack of cigarettes daily for 5 years. He lives in a group home and works about 25 hours each week in a fast-food restaurant. He has a few friends and is romantically involved with a woman from his church group. The patient is 157 cm (5 ft 2 in) tall and weighs 91 kg (200 lb); BMI is 36 kg/m2 . Vital signs are normal. A grade 2/6 systolic murmur is heard best at the apex. The parents would like him to stop smoking and follow a healthier diet, and they feel the only way to monitor and control his behavior is for him to move back into their home. They request your assistance in obtaining legal guardianship of their son. Which of the following is the most appropriate initial recommendation?"
MMLU,professional_medicine,mmlu::professional_medicine::15,"A 21-year-old woman comes to the physician for preconceptional advice. She is recently married and would like to conceive within the next year. She does not eat meat, fish, or dairy products and wishes to decrease the risks of her diet on her baby. Menses occur at regular 28-day intervals and last 5 days. She does not smoke or drink alcohol. She takes no medications. She is 157 cm (5 ft 2 in) tall and weighs 50 kg (110 lb); BMI is 20 kg/m2 . Physical examination shows no abnormalities. Pelvic examination shows a normal appearing vagina, cervix, uterus, and adnexa. Which of the following is most likely to decrease the risk of fetal anomalies in this patient?",Adjusting diet to include more sources of protein during the first trimester,Beginning folic acid supplementation prior to conception,Calcium supplementation during the first trimester,Iron supplementation during the first trimester,B,"A 21-year-old woman comes to the physician for preconceptional advice. She is recently married and would like to conceive within the next year. She does not eat meat, fish, or dairy products and wishes to decrease the risks of her diet on her baby. Menses occur at regular 28-day intervals and last 5 days. She does not smoke or drink alcohol. She takes no medications. She is 157 cm (5 ft 2 in) tall and weighs 50 kg (110 lb); BMI is 20 kg/m2 . Physical examination shows no abnormalities. Pelvic examination shows a normal appearing vagina, cervix, uterus, and adnexa. Which of the following is most likely to decrease the risk of fetal anomalies in this patient?"
MMLU,professional_medicine,mmlu::professional_medicine::16,"A grossly obese 65-year-old male presents to the office with tingling and painful itching in the anterolateral region of the thigh. The patient loses weight, and the symptoms disappear. This paresthesia is most consistent with compression of the",anterior femoral cutaneous nerve,genitofemoral nerve,iliohypogastric nerve,lateral femoral cutaneous nerve,D,"A grossly obese 65-year-old male presents to the office with tingling and painful itching in the anterolateral region of the thigh. The patient loses weight, and the symptoms disappear. This paresthesia is most consistent with compression of the"
MMLU,professional_medicine,mmlu::professional_medicine::17,"A 12-year-old girl is brought to the physician because of a 2-month history of intermittent yellowing of the eyes and skin. Physical examination shows no abnormalities except for jaundice. Her serum total bilirubin concentration is 3 mg/dL, with a direct component of 1 mg/dL. Serum studies show a haptoglobin concentration and AST and ALT activities that are within the reference ranges. There is no evidence of injury or exposure to toxins. Which of the following additional findings is most likely in this patient?",Decreased activity of UDP glucuronosyltransferase,Gallstones,Increased hemolysis,Increased serum alkaline phosphatase activity,A,"A 12-year-old girl is brought to the physician because of a 2-month history of intermittent yellowing of the eyes and skin. Physical examination shows no abnormalities except for jaundice. Her serum total bilirubin concentration is 3 mg/dL, with a direct component of 1 mg/dL. Serum studies show a haptoglobin concentration and AST and ALT activities that are within the reference ranges. There is no evidence of injury or exposure to toxins. Which of the following additional findings is most likely in this patient?"
MMLU,professional_medicine,mmlu::professional_medicine::18,"A 63-year-old man is brought to the emergency department because of a 4-day history of increasingly severe left leg pain and swelling of his left calf. He also has a 1-month history of increasingly severe upper midthoracic back pain. During this time, he has had a 9-kg (20-lb) weight loss despite no change in appetite. He has no history of major medical illness. His only medication is ibuprofen. He is 180 cm (5 ft 11 in) tall and weighs 82 kg (180 lb); BMI is 25 kg/m2 . His vital signs are within normal limits. On examination, lower extremity pulses are palpable bilaterally. The remainder of the physical examination shows no abnormalities. An x-ray of the thoracic spine shows no abnormalities. A CT scan of the abdomen shows a 3-cm mass in the body of the pancreas; there are liver metastases and encasement of the superior mesenteric artery. Ultrasonography of the left lower extremity shows a femoropopliteal venous clot. Which of the following is the most likely cause of this patient’s symptoms?",Carcinoid syndrome,Hypercoagulability from advanced malignancy,Multiple endocrine neoplasia,Splenic artery aneurysm and embolic disease of the left lower extremity,B,"A 63-year-old man is brought to the emergency department because of a 4-day history of increasingly severe left leg pain and swelling of his left calf. He also has a 1-month history of increasingly severe upper midthoracic back pain. During this time, he has had a 9-kg (20-lb) weight loss despite no change in appetite. He has no history of major medical illness. His only medication is ibuprofen. He is 180 cm (5 ft 11 in) tall and weighs 82 kg (180 lb); BMI is 25 kg/m2 . His vital signs are within normal limits. On examination, lower extremity pulses are palpable bilaterally. The remainder of the physical examination shows no abnormalities. An x-ray of the thoracic spine shows no abnormalities. A CT scan of the abdomen shows a 3-cm mass in the body of the pancreas; there are liver metastases and encasement of the superior mesenteric artery. Ultrasonography of the left lower extremity shows a femoropopliteal venous clot. Which of the following is the most likely cause of this patient’s symptoms?"
MMLU,professional_medicine,mmlu::professional_medicine::19,A 63-year-old woman with hypertension has her son call your office to make an appointment for evaluation of vaginal bleeding. Her general physician recently retired. The son tells you that his mother has been deaf since infancy and that he uses sign language to communicate with her. Which of the following is the most appropriate course of action to ensure good communication?,Have the patient bring her son to the appointment to interpret,Arrange for a certified interpreter,Provide the patient with writing materials during the appointment,"Talk with the patient face-to-face, enunciating carefully so that she may lip read",B,A 63-year-old woman with hypertension has her son call your office to make an appointment for evaluation of vaginal bleeding. Her general physician recently retired. The son tells you that his mother has been deaf since infancy and that he uses sign language to communicate with her. Which of the following is the most appropriate course of action to ensure good communication?
MMLU,professional_medicine,mmlu::professional_medicine::20,"A 4-year-old boy with cystic fibrosis is brought to the emergency department 20 minutes after being found unconscious in his yard by his parents. He had been playing outside all afternoon; the outside temperature was 95°F. He had been feeling well lately with no recent acute exacerbations of cystic fibrosis. On arrival, he responds to pain but speech is incoherent. His temperature is 41.2°C (106.2°F), pulse is 148/min, respirations are 36/min and shallow, and blood pressure is 88/46 mm Hg. His skin is hot and dry. The lungs are clear to auscultation. Muscle tone is poor; deep tendon reflexes are diminished throughout. Neurologic examination shows no focal abnormalities. Which of the following is the most likely underlying mechanism for these findings?",Adrenal insufficiency with salt wasting,Impaired sweat gland function with reduced ability to regulate heat loss,Invasion of the central nervous system by gram-negative organisms,Mucous plugging of the airway resulting in secondary infection with Pseudomonas species,B,"A 4-year-old boy with cystic fibrosis is brought to the emergency department 20 minutes after being found unconscious in his yard by his parents. He had been playing outside all afternoon; the outside temperature was 95°F. He had been feeling well lately with no recent acute exacerbations of cystic fibrosis. On arrival, he responds to pain but speech is incoherent. His temperature is 41.2°C (106.2°F), pulse is 148/min, respirations are 36/min and shallow, and blood pressure is 88/46 mm Hg. His skin is hot and dry. The lungs are clear to auscultation. Muscle tone is poor; deep tendon reflexes are diminished throughout. Neurologic examination shows no focal abnormalities. Which of the following is the most likely underlying mechanism for these findings?"
MMLU,professional_medicine,mmlu::professional_medicine::21,"A 37-year-old woman, gravida 5, para 4, at 34 weeks' gestation comes to the emergency department because of vaginal bleeding for 2 hours. She has had no prenatal care. Her second child was delivered by lower segment transverse cesarean section because of a nonreassuring fetal heart rate; her other three children were delivered vaginally. Her pulse is 92/min, respirations are 18/min, and blood pressure is 134/76 mm Hg. The abdomen is nontender, and no contractions are felt. There is blood on the vulva, the introitus, and on the medial aspect of each thigh. The fetus is in a transverse lie presentation. The fetal heart rate is 144/min. Which of the following is the most likely diagnosis?",Abruptio placentae,Amniotic fluid embolism,Latent phase of labor,Placenta previa,D,"A 37-year-old woman, gravida 5, para 4, at 34 weeks' gestation comes to the emergency department because of vaginal bleeding for 2 hours. She has had no prenatal care. Her second child was delivered by lower segment transverse cesarean section because of a nonreassuring fetal heart rate; her other three children were delivered vaginally. Her pulse is 92/min, respirations are 18/min, and blood pressure is 134/76 mm Hg. The abdomen is nontender, and no contractions are felt. There is blood on the vulva, the introitus, and on the medial aspect of each thigh. The fetus is in a transverse lie presentation. The fetal heart rate is 144/min. Which of the following is the most likely diagnosis?"
MMLU,professional_medicine,mmlu::professional_medicine::22,"A previously healthy 32-year-old man is brought to the emergency department after being found unconscious on the floor at his workplace. On arrival, he is obtunded. He is intubated and mechanical ventilation is begun. Examination shows flaccid paralysis on the right. A CT scan of the head shows a large evolving cerebral infarction on the left. Carotid duplex ultrasonography shows dissection of the left carotid artery. After receiving intensive medical care for 6 hours, the patient develops decerebrate posturing and becomes hemodynamically unstable. Vasopressor therapy is begun. A second CT scan of the head shows a massive left hemispheric cerebral infarction with severe edema and herniation. The physician determines that surgical intervention is not indicated because of the patient's poor prognosis. The patient's driver's license indicates that he wishes to be an organ donor. The physician meets with the patient's family and informs them about the patient's prognosis, and they are devastated. During the meeting, they say that they were unaware of his willingness to be an organ donor and agree that he should not receive cardiopulmonary resuscitation. Which of the following is the most appropriate next step with respect to organ donation?",Arrange for the regional organ procurement organization to address the issue with the patient's family,Delay further consideration of the issue until after 24 hours of aggressive care,Delay further consideration of the issue until the family seems ready,Initiate organ donation at this time,A,"A previously healthy 32-year-old man is brought to the emergency department after being found unconscious on the floor at his workplace. On arrival, he is obtunded. He is intubated and mechanical ventilation is begun. Examination shows flaccid paralysis on the right. A CT scan of the head shows a large evolving cerebral infarction on the left. Carotid duplex ultrasonography shows dissection of the left carotid artery. After receiving intensive medical care for 6 hours, the patient develops decerebrate posturing and becomes hemodynamically unstable. Vasopressor therapy is begun. A second CT scan of the head shows a massive left hemispheric cerebral infarction with severe edema and herniation. The physician determines that surgical intervention is not indicated because of the patient's poor prognosis. The patient's driver's license indicates that he wishes to be an organ donor. The physician meets with the patient's family and informs them about the patient's prognosis, and they are devastated. During the meeting, they say that they were unaware of his willingness to be an organ donor and agree that he should not receive cardiopulmonary resuscitation. Which of the following is the most appropriate next step with respect to organ donation?"
MMLU,professional_medicine,mmlu::professional_medicine::23,"A 52-year-old woman begins pharmacotherapy after being diagnosed with type 2 diabetes mellitus. Four weeks later, her hepatic glucose output is decreased, and target tissue glucose uptake and utilization are increased. Which of the following drugs was most likely prescribed for this patient?",Acarbose,Glyburide,Metformin,Nateglinide,C,"A 52-year-old woman begins pharmacotherapy after being diagnosed with type 2 diabetes mellitus. Four weeks later, her hepatic glucose output is decreased, and target tissue glucose uptake and utilization are increased. Which of the following drugs was most likely prescribed for this patient?"
MMLU,professional_medicine,mmlu::professional_medicine::24,"A 64-year-old male presents to the emergency room with a bloody nose that has been dripping out his nares for the past 2 hours. He denies any trauma, recent upper respiratory illness, or history of prior bloody nose. Past medical history is unremarkable, and he takes no medications. He has a blood pressure of 180/90 mmHg. Examination of the nasal passages reveals that the site of the bleeding is on the septal mucosa of the right naris. The most likely site of origin of this patient's epistaxis is",anterior turbinate,ethmoid sinus,Kiesselbach plexus,posterior nasal pharynx,C,"A 64-year-old male presents to the emergency room with a bloody nose that has been dripping out his nares for the past 2 hours. He denies any trauma, recent upper respiratory illness, or history of prior bloody nose. Past medical history is unremarkable, and he takes no medications. He has a blood pressure of 180/90 mmHg. Examination of the nasal passages reveals that the site of the bleeding is on the septal mucosa of the right naris. The most likely site of origin of this patient's epistaxis is"
MMLU,professional_medicine,mmlu::professional_medicine::25,"A 25-year-old female is admitted to the hospital for the evaluation of fainting spells, which have been occurring several times a day for 10 days. These occur without warning and are not associated with any injury. The patient is evaluated during one of these falls, manifesting no change in heart rate, blood pressure, or color. Neurologic examination findings are normal. The most likely diagnosis is",basilar migraine,cardioinhibitory syncope,malingering,vasodepressor syncope,C,"A 25-year-old female is admitted to the hospital for the evaluation of fainting spells, which have been occurring several times a day for 10 days. These occur without warning and are not associated with any injury. The patient is evaluated during one of these falls, manifesting no change in heart rate, blood pressure, or color. Neurologic examination findings are normal. The most likely diagnosis is"
MMLU,professional_medicine,mmlu::professional_medicine::26,"A 31-year-old woman comes to the office for initial prenatal care. She is 12 weeks pregnant by date of her last menstrual period. This is her fourth pregnancy; she has three healthy children. Her last pregnancy resulted in cesarean delivery because of fetal distress during labor. Her history includes heavy use of alcohol and cigarettes, and multiple sexual partners. In addition to routine prenatal laboratory work-up, the patient consents to an HIV antibody test, which is later reported as positive. At a follow-up visit this patient should be counseled regarding which of the following?",Amniocentesis is recommended to rule out congenital HIV infection,Breast-feeding will increase the risk for transmitting HIV to the infant,Immediate termination of pregnancy will decrease her risk for progression to AIDS,Repeat cesarean delivery may increase the risk for vertical transmission of HIV,B,"A 31-year-old woman comes to the office for initial prenatal care. She is 12 weeks pregnant by date of her last menstrual period. This is her fourth pregnancy; she has three healthy children. Her last pregnancy resulted in cesarean delivery because of fetal distress during labor. Her history includes heavy use of alcohol and cigarettes, and multiple sexual partners. In addition to routine prenatal laboratory work-up, the patient consents to an HIV antibody test, which is later reported as positive. At a follow-up visit this patient should be counseled regarding which of the following?"
MMLU,professional_medicine,mmlu::professional_medicine::27,A 60-year-old man has had painful skin with exfoliation of the skin and mucous membranes for 1 day. He has been taking allopurinol and probenecid for 2 weeks because of gouty arthritis. There is diffuse exfoliation of the skin with oozing of serous fluid. The mucous membranes of the mouth are erythematous and exfoliated. There are no target lesions. Which of the following is the most likely diagnosis?,Erythema multiforme,Pemphigus erythematosus,Staphylococcal scalded-skin syndrome,Toxic epidermal necrolysis,D,A 60-year-old man has had painful skin with exfoliation of the skin and mucous membranes for 1 day. He has been taking allopurinol and probenecid for 2 weeks because of gouty arthritis. There is diffuse exfoliation of the skin with oozing of serous fluid. The mucous membranes of the mouth are erythematous and exfoliated. There are no target lesions. Which of the following is the most likely diagnosis?
MMLU,professional_medicine,mmlu::professional_medicine::28,"A 27-year-old man comes to the office with his wife because of a recent episode of loss of muscle control. He says, ""I was at a reception, someone told a joke, and when I laughed, my legs collapsed!"" His wife tells you that he recovered in a few seconds and he did not lose consciousness. He has a long history of sleepiness and he is able to go to sleep quickly. He usually awakens feeling refreshed after a short nap. He has no history of similar episodes or hallucinations. There is no family history of similar problems. Vital signs are normal. Physical examination shows no abnormalities. Which of the following is the most likely diagnosis?",Narcolepsy,Primary hypersomnia,A seizure disorder,Sleep paralysis,A,"A 27-year-old man comes to the office with his wife because of a recent episode of loss of muscle control. He says, ""I was at a reception, someone told a joke, and when I laughed, my legs collapsed!"" His wife tells you that he recovered in a few seconds and he did not lose consciousness. He has a long history of sleepiness and he is able to go to sleep quickly. He usually awakens feeling refreshed after a short nap. He has no history of similar episodes or hallucinations. There is no family history of similar problems. Vital signs are normal. Physical examination shows no abnormalities. Which of the following is the most likely diagnosis?"
MMLU,professional_medicine,mmlu::professional_medicine::29,"A 47-year-old man comes to the emergency department because of a 3-day history of increasing pain, tenderness, and swelling near the fingernail of his right index finger. He rates the pain as an 8 on a 10-point scale. He has not had fever or chills, and he has not sustained any trauma to the finger. Medical history is unremarkable and the patient takes no medications. He appears generally well and is not in distress. Vital signs are temperature 37.1°C (98.8°F), pulse 72/min, respirations 14/min, and blood pressure 120/80 mm Hg. Physical examination of the right hand discloses swelling, erythema, warmth, and tenderness of the periungual region of the right index finger. There is a mildly fluctuant area near the nail edge. The remainder of the physical examination discloses no abnormalities. Which of the following is the most appropriate next step in management?",Incision and drainage,Oral cefazolin therapy,Topical neomycin therapy,Warm-water soaks,A,"A 47-year-old man comes to the emergency department because of a 3-day history of increasing pain, tenderness, and swelling near the fingernail of his right index finger. He rates the pain as an 8 on a 10-point scale. He has not had fever or chills, and he has not sustained any trauma to the finger. Medical history is unremarkable and the patient takes no medications. He appears generally well and is not in distress. Vital signs are temperature 37.1°C (98.8°F), pulse 72/min, respirations 14/min, and blood pressure 120/80 mm Hg. Physical examination of the right hand discloses swelling, erythema, warmth, and tenderness of the periungual region of the right index finger. There is a mildly fluctuant area near the nail edge. The remainder of the physical examination discloses no abnormalities. Which of the following is the most appropriate next step in management?"
MMLU,professional_medicine,mmlu::professional_medicine::30,"A randomized controlled trial is conducted to assess the risk for development of gastrointestinal adverse effects using azithromycin compared with erythromycin in the treatment of pertussis in children. Of the 100 children with pertussis enrolled, 50 receive azithromycin, and 50 receive erythromycin. Results show vomiting among 5 patients in the azithromycin group, compared with 15 patients in the erythromycin group. Which of the following best represents the absolute risk reduction for vomiting among patients in the azithromycin group?",0.1,0.2,0.33,0.67,B,"A randomized controlled trial is conducted to assess the risk for development of gastrointestinal adverse effects using azithromycin compared with erythromycin in the treatment of pertussis in children. Of the 100 children with pertussis enrolled, 50 receive azithromycin, and 50 receive erythromycin. Results show vomiting among 5 patients in the azithromycin group, compared with 15 patients in the erythromycin group. Which of the following best represents the absolute risk reduction for vomiting among patients in the azithromycin group?"
